"id","submitdate","lastpage","startlanguage","seed","d1","D3","d2","d2[other]","d5","d5[other]","d4[SQ002]","d4[SQ004]","d4[SQ006]","d4[SQ007]","d6[SQ005]","d6[SQ006]","d6[SQ007]","d6[SQ008]","d6[SQ009]","d6[SQ010]","d6[SQ011]","d6[SQ012]","d6[SQ013]","d6[SQ014]","d6[SQ015]","d6[other]","d9[SQ004]","d9[SQ001]","d9[SQ003]","d9[SQ002]","d8[SQ57672]","d11","d11[other]","po2[SQ57672]","po3[SQ57672]","po4[SQ57672]","a1","a2","a7[SQ001]","a5","a6","a9[SQ001]","a3","a4","a8[SQ001]","po5[SQ57672]","po6[SQ57672]","po7[SQ57672]","po8[SQ57672]","po9[SQ57672]","at1[SQ57672]","at1[SQ003]","at1[SQ004]","at1[SQ005]","at1[SQ006]","at1[SQ007]","at2[SQ57672]","at2[SQ003]","at2[SQ004]","at2[SQ005]","at2[SQ006]","at2[SQ007]","at3[SQ57672]","at3[SQ003]","at3[SQ004]","at3[SQ005]","at3[SQ006]","at3[SQ007]","p1id"
"1","1980-01-01 00:00:00","5","en","1384669501","23","Female","Graduate (University)","","Self-employed","","7","6","7","3","No","No","No","No","No","No","No","Yes","No","No","No","0","9","8","8","6","5","Democrat","","5","5","5","Yes","Yes","3","No","No","2","Yes","No","4","6","6","6","5","1","4","4","4","4","5","5","3","3","3","3","5","5","3","3","3","3","3","3","x"
"2","1980-01-01 00:00:00","5","en","1823803087","23","Female","Undergraduate (University)","","Student","","7","3","4","4","No","No","No","No","No","No","No","Yes","No","No","No","0","6","7","5","6","5","Democrat","","5","5","5","Yes","Yes","3","No","No","2","No","No","2","5","5","4","4","3","2","3","3","4","2","4","3","3","3","3","3","3","3","3","3","3","3","3","61117b4c38d1dddbae6511da"
"3","1980-01-01 00:00:00","5","en","1319493814","57","Female","Elementary/high school diploma","","Employed part-time","","3","5","10","1","No","No","No","No","No","No","No","No","No","No","Yes","0","5","5","5","5","6","Independent","","5","5","5","No","No","3","No","No","3","No","No","3","4","3","6","5","3","3","3","3","3","1","2","3","3","3","3","1","1","3","3","3","3","1","1","5bd893be30bfa90001efc6ce"
"4","1980-01-01 00:00:00","5","en","108675285","48","Female","Undergraduate (University)","","Employed full-time","","9","9","10","8","No","Yes","No","No","No","No","Yes","No","No","No","No","0","5","2","7","4","5","Democrat","","4","2","4","Yes","Yes","4","No","No","3","No","No","3","6","6","3","6","2","3","4","3","4","3","3","3","2","3","2","3","3","3","4","3","3","2","3","64447e9e30d89db5da840b90"
"5","1980-01-01 00:00:00","5","en","1099057495","30","Male","Undergraduate (University)","","Employed full-time","","3","8","9","1","No","No","No","Yes","No","Yes","No","Yes","No","No","No","0","6","5","5","5","6","Democrat","","5","5","5","Yes","Yes","4","No","No","3","No","No","3","5","5","5","5","3","4","4","4","4","4","4","3","3","3","3","3","3","3","3","3","3","3","3","542473a4fdf99b691fb38455"
"6","1980-01-01 00:00:00","5","en","262175485","30","Male","Graduate (University)","","Employed full-time","","6","7","9","7","No","No","No","No","No","No","No","No","No","No","Yes","0","4","7","5","6","4","Democrat","","4","4","4","Yes","Yes","4","No","No","3","No","No","3","4","4","5","4","4","5","5","5","5","5","5","3","3","3","3","3","3","3","3","3","3","3","3","60fd866917347300b1470b1b"
"7","1980-01-01 00:00:00","5","en","1049438435","39","Female","Graduate (University)","","Employed full-time","","2","9","10","1","No","No","No","No","No","No","No","No","No","No","Yes","0","4","6","5","4","6","Independent","","4","4","4","Yes","No","3","No","No","3","No","No","3","4","4","4","4","3","2","2","2","3","1","1","3","3","3","3","3","3","3","3","3","3","3","3","60a56378aa5f55ddac516adc"
"8","1980-01-01 00:00:00","5","en","1496200958","63","Female","Graduate (University)","","Retired","","3","5","10","6","No","No","No","No","No","No","No","No","No","No","Yes","0","7","5","4","5","2","Republican","","5","5","5","Yes","No","3","No","No","3","Yes","No","3","5","7","5","7","4","3","3","3","5","2","4","2","2","3","4","1","3","4","4","4","5","1","3","60c3d124a3f6a934bbbb3292"
"9","1980-01-01 00:00:00","5","en","156814036","34","Male","Graduate (University)","","Homemaker","","3","5","8","1","No","No","No","No","No","No","No","No","No","No","Yes","0","3","5","5","5","4","Republican","","4","4","4","No","No","3","No","No","3","No","No","3","4","4","4","4","4","3","3","3","3","3","3","3","3","3","3","3","3","3","3","3","3","3","3","63bb56dd556ae9e3ef1d673e"
"10","1980-01-01 00:00:00","5","en","741016249","28","Female","Undergraduate (University)","","Self-employed","","8","5","7","6","No","No","No","No","No","Yes","No","Yes","No","No","No","0","5","5","5","5","6","Democrat","","4","4","5","Yes","Yes","4","No","No","3","No","No","3","5","3","3","3","2","3","3","3","3","3","3","2","2","2","2","2","2","2","2","2","2","2","2","60fcbf0aca44c1b1c5631970"
"11","1980-01-01 00:00:00","5","en","618630344","68","Female","Undergraduate (University)","","Retired","","1","1","10","3","No","No","No","No","No","No","No","No","No","No","Yes","0","4","8","8","6","6","Republican","","6","5","6","Yes","Yes","3","No","No","3","No","No","3","2","7","2","4","2","1","1","1","4","1","1","1","1","1","4","1","1","1","1","1","4","1","1","5e441ce319a8840160a4ba48"
"12","1980-01-01 00:00:00","5","en","1781595940","42","Male","Graduate (University)","","Self-employed","","2","2","8","3","No","No","No","No","No","No","No","No","No","No","Yes","0","7","4","5","6","4","Independent","","4","4","4","Yes","Yes","4","No","No","3","No","No","3","6","6","5","6","4","2","3","3","4","2","4","2","3","3","3","3","3","3","3","3","3","3","3","5dd3581abca2e436d1c171cb"
"13","1980-01-01 00:00:00","5","en","751474555","22","Female","High school","","Student","","4","8","10","2","No","No","No","No","No","No","No","No","No","No","Yes","0","4","7","3","6","6","Democrat","","4","4","4","Yes","No","3","No","No","3","No","No","3","4","2","3","5","3","2","2","3","5","2","4","3","3","3","3","3","3","3","3","3","3","3","3","627b0d689d780840df214aee"
"14","1980-01-01 00:00:00","5","en","718240561","28","Male","Completed vocational training","","Employed full-time","","7","9","9","2","No","No","No","No","No","No","No","No","No","No","Yes","0","5","7","7","5","7","Democrat","","4","4","4","Yes","Yes","2","No","No","3","No","No","3","4","3","2","4","2","4","4","5","4","2","3","3","3","3","3","3","3","3","3","3","3","3","3","5f5561166d9ce792e07134e2"
"15","1980-01-01 00:00:00","5","en","804405438","22","Male","High school","","Employed part-time","","3","4","7","5","No","No","No","No","No","No","No","No","No","No","Yes","0","6","6","6","7","4","Independent","","5","4","4","Yes","Yes","3","No","No","3","No","No","3","6","6","6","6","2","3","4","4","4","2","3","3","3","3","3","3","3","3","3","3","3","3","3","5e1bdc0107c9c73e922e4b4e"
"16","1980-01-01 00:00:00","5","en","989698300","34","Female","University of Applied Sciences degree","","Employed part-time","","6","5","8","5","Yes","Yes","Yes","Yes","No","Yes","Yes","Yes","No","Yes","No","0","4","5","5","5","6","Independent","","4","4","4","Yes","No","4","No","No","3","No","No","3","4","2","4","3","3","4","3","3","2","3","4","3","3","4","4","2","4","3","3","3","3","2","3","5bc79ce8f653a50001ce430e"
"17","1980-01-01 00:00:00","5","en","134215397","42","Male","Completed vocational training","","Employed full-time","","5","4","8","1","No","No","No","No","No","No","No","No","No","No","No","New York Post, Washington Times","5","5","7","6","1","Republican","","7","4","4","Yes","No","3","No","No","3","No","No","3","7","7","4","7","4","3","3","3","3","1","5","3","3","3","3","1","1","3","3","3","3","1","2","5f500550ad48ba16ff920279"
"18","1980-01-01 00:00:00","5","en","1466932394","28","Male","High school","","Employed part-time","","3","6","9","3","No","No","No","No","No","No","No","No","No","No","No","The Intercept & The Guardian","4","5","5","6","6","Independent","","4","4","4","Yes","Yes","2","No","No","3","Yes","Yes","3","4","5","4","5","2","4","4","4","4","4","4","4","4","4","5","4","4","4","4","4","4","4","4","603bef3bffe72f8b0a6b55c4"
"19","1980-01-01 00:00:00","5","en","911652529","26","Female","Undergraduate (University)","","Student","","2","5","8","2","No","No","No","No","No","No","No","No","No","No","Yes","0","5","5","5","5","3","Republican","","6","5","5","Yes","No","3","No","No","3","No","No","3","6","6","6","5","5","3","3","3","4","2","2","3","3","3","3","2","2","3","3","3","3","2","2","610329b3d3eafd7489113416"
"20","1980-01-01 00:00:00","5","en","2055259306","26","Female","Undergraduate (University)","","Employed part-time","","7","6","9","7","No","No","No","No","No","No","No","No","No","No","Yes","0","5","7","7","7","6","Independent","","3","4","4","Yes","No","4","No","No","3","No","No","3","4","5","3","6","1","2","2","2","4","1","3","3","3","3","3","1","3","3","3","3","3","1","3","5f5fc8153ba37c07caa9b45e"
"21","1980-01-01 00:00:00","5","en","59530895","26","Female","Undergraduate (University)","","Employed full-time","","6","6","7","3","No","No","No","Yes","Yes","No","No","Yes","Yes","Yes","No","0","6","4","6","5","6","Democrat","","4","4","4","Yes","Yes","4","No","No","3","No","No","3","4","2","6","5","4","3","3","3","4","2","3","3","3","3","3","3","3","3","3","3","3","3","3","60ff14a46f99a66e7d2a73ef"
"22","1980-01-01 00:00:00","5","en","68116644","40","Male","Undergraduate (University)","","Employed full-time","","3","7","8","2","No","No","No","Yes","No","Yes","No","No","No","No","No","0","5","6","4","5","5","Democrat","","4","4","4","Yes","Yes","3","No","No","3","No","No","3","4","3","4","4","2","3","3","3","2","2","4","3","3","3","3","3","3","3","3","3","3","3","3","5aa4c7794eecca0001dde769"
"23","1980-01-01 00:00:00","5","en","1563560646","27","Male","Graduate (University)","","Employed full-time","","6","5","10","5","No","No","No","No","No","No","No","No","No","No","Yes","0","6","7","7","7","5","Democrat","","4","4","4","Yes","No","4","No","No","3","No","No","3","4","4","3","4","4","4","4","4","5","3","5","3","3","3","3","3","3","3","3","3","3","3","3","612252e1143216231e134d68"
"24","1980-01-01 00:00:00","5","en","1183133203","51","Female","Graduate (University)","","Self-employed","","1","4","4","1","No","No","No","No","No","No","No","No","No","No","Yes","0","5","1","5","10","4","Independent","","3","3","4","Yes","No","1","No","No","1","No","No","1","4","4","4","4","7","1","1","1","1","1","1","1","1","1","1","1","1","1","1","1","1","1","1","610d7c6a95a9ebcd19ba63ab"
"25","1980-01-01 00:00:00","5","en","1635490089","38","Male","Completed vocational training","","Employed full-time","","6","5","8","2","No","No","No","No","No","Yes","No","No","Yes","No","No","0","3","3","3","3","7","Independent","","5","5","5","Yes","No","4","No","No","3","No","No","3","6","4","3","3","2","4","4","4","4","1","4","3","3","3","3","1","3","3","3","3","3","1","4","5ccb55d3ce1ed50016360b57"
"26","1980-01-01 00:00:00","5","en","61244384","23","Female","Undergraduate (University)","","Employed part-time","","3","3","8","2","No","No","No","Yes","No","No","No","Yes","Yes","No","No","0","6","6","4","4","5","Democrat","","4","4","4","Yes","Yes","4","No","No","3","No","No","3","5","5","6","6","3","4","4","4","5","4","4","3","3","3","3","3","3","3","3","3","3","3","3","5f2dde4be81ec512f26e09e8"
"27","1980-01-01 00:00:00","5","en","1695489982","34","Male","Undergraduate (University)","","Self-employed","","3","2","10","1","Yes","Yes","Yes","No","Yes","No","No","Yes","No","No","No","Dailymail","3","5","3","5","2","Republican","","5","4","6","Yes","No","4","Yes","No","3","No","No","3","5","6","2","5","4","2","2","2","5","3","3","2","4","3","3","1","3","3","3","3","3","2","3","5f2f03deec679e2cf4a992e6"
"28","1980-01-01 00:00:00","5","en","952862238","22","Female","Graduate (University)","","Self-employed","","7","9","10","5","Yes","No","No","Yes","Yes","No","No","Yes","Yes","Yes","No","0","7","10","9","10","2","Democrat","","4","5","4","No","No","4","No","No","4","No","No","4","5","5","5","5","5","3","3","3","3","3","3","3","3","3","3","3","3","3","3","3","3","3","3","5f1696cf435271377d1a278d"
"29","1980-01-01 00:00:00","5","en","466447583","42","Male","Graduate (University)","","Self-employed","","3","6","9","2","No","No","No","Yes","No","No","No","No","No","No","No","NPR, AP","4","5","5","5","7","Democrat","","5","4","4","Yes","Yes","4","No","No","3","No","No","3","5","4","3","5","2","4","4","4","5","3","3","3","3","3","3","3","5","3","3","3","3","3","5","5b54ce6fb7ef510001676f99"
"30","1980-01-01 00:00:00","5","en","500066218","21","Female","Undergraduate (University)","","Employed full-time","","7","6","10","3","No","No","No","No","No","No","No","Yes","No","No","No","0","5","7","7","6","7","Democrat","","5","4","4","Yes","Yes","3","Yes","Yes","3","Yes","Yes","3","4","4","3","6","3","2","3","2","4","1","3","2","3","2","3","1","3","2","3","2","3","1","3","60fcec77c349819a0afe600b"
"31","1980-01-01 00:00:00","5","en","1018744540","46","Male","High school","","Homemaker","","3","9","10","1","No","No","No","No","No","No","No","No","No","No","Yes","0","3","7","6","6","6","Democrat","","5","4","4","Yes","Yes","4","No","No","3","No","No","3","4","2","1","6","2","4","5","5","5","4","5","3","3","3","3","1","5","3","3","3","3","1","5","5808f958b648e600016375dd"
"32","1980-01-01 00:00:00","5","en","725322616","27","Female","Graduate (University)","","Employed full-time","","3","7","9","2","No","Yes","Yes","Yes","No","No","No","Yes","No","Yes","No","0","7","7","5","5","5","Democrat","","4","4","4","No","No","3","No","No","3","No","No","3","4","5","5","5","3","3","3","3","4","2","2","3","3","3","4","2","2","3","3","3","4","2","2","6422265578963ff5d3dbd0b2"
"33","1980-01-01 00:00:00","5","en","1973625307","25","Female","Undergraduate (University)","","Employed full-time","","8","5","8","5","No","Yes","No","No","No","No","No","Yes","No","No","No","0","5","5","6","6","5","Democrat","","5","4","4","Yes","Yes","3","No","No","3","Yes","No","3","3","4","4","5","2","3","3","2","5","3","5","3","3","3","4","3","4","3","3","3","4","3","4","5e34ac3b5aa70048c5b2a2f3"
"34","1980-01-01 00:00:00","5","en","966035118","28","Male","High school","","Employed part-time","","8","9","10","4","No","No","No","No","No","No","No","No","No","No","Yes","0","2","8","8","6","4","Democrat","","4","4","4","Yes","Yes","5","No","No","4","No","No","4","4","4","4","4","4","4","5","4","5","1","5","4","5","4","4","1","5","4","4","4","5","1","5","5f4c5eda037ed5165232d0a0"
"35","1980-01-01 00:00:00","5","en","1004167639","35","Female","High school","","Employed full-time","","2","6","8","4","No","No","No","No","No","Yes","No","No","No","No","No","0","4","6","4","5","7","Democrat","","4","3","4","Yes","Yes","3","No","No","3","No","No","3","3","3","2","4","2","2","2","3","3","1","3","2","2","3","3","1","2","2","2","3","2","1","1","63f87774aee5dc0602bf3419"
"36","1980-01-01 00:00:00","5","en","770809557","40","Male","Undergraduate (University)","","Employed part-time","","8","6","9","3","Yes","Yes","Yes","Yes","Yes","Yes","Yes","Yes","Yes","Yes","No","0","2","2","2","2","5","Independent","","4","4","4","Yes","Yes","3","No","No","3","No","No","3","4","5","5","5","4","3","3","3","4","2","3","3","3","3","3","2","3","3","3","3","3","2","3","5e84c817507cd3066a527e5e"
"37","1980-01-01 00:00:00","5","en","1950545181","23","Female","Undergraduate (University)","","Employed full-time","","3","1","7","5","No","Yes","Yes","Yes","Yes","No","No","Yes","Yes","Yes","No","0","3","8","5","5","7","Democrat","","4","4","4","Yes","No","4","No","No","3","No","No","3","4","2","6","4","4","3","2","3","4","1","3","3","3","3","3","3","3","3","3","3","3","3","3","5fb34c59be8dfaa85d637cb5"
"38","1980-01-01 00:00:00","5","en","1724428046","49","Male","Undergraduate (University)","","Employed full-time","","6","8","9","5","No","No","No","No","No","No","No","Yes","Yes","No","No","0","7","1","7","3","3","Democrat","","6","4","5","Yes","Yes","4","No","No","3","No","No","3","5","6","7","5","4","4","4","4","5","4","5","3","3","3","3","3","5","3","3","3","3","3","5","5dda942451c6d29ef6b84635"
"39","1980-01-01 00:00:00","5","en","969161877","38","Female","High school","","Employed full-time","","4","3","9","2","No","No","No","No","No","No","No","No","No","No","Yes","0","5","3","3","5","4","Democrat","","4","4","3","Yes","No","3","No","No","2","No","No","2","2","3","3","3","3","3","3","3","3","3","3","3","3","3","3","4","4","4","3","3","3","3","3","600f455bb9d3f7107e673797@email.prolific.co"
"40","1980-01-01 00:00:00","5","en","1071167840","34","Female","Graduate (University)","","Employed part-time","","9","3","9","1","No","No","Yes","Yes","Yes","No","No","Yes","Yes","Yes","No","0","6","8","6","3","6","Democrat","","6","6","6","No","No","4","No","No","4","No","No","4","6","3","6","6","3","3","3","2","2","1","3","3","3","3","2","2","2","3","3","3","2","2","2","60fe2fca7cb19f2601f75d3c"
"41","1980-01-01 00:00:00","5","en","1737749124","40","Male","Undergraduate (University)","","Employed full-time","","4","6","10","1","No","No","No","No","No","No","No","No","No","No","Yes","0","4","2","2","2","7","Democrat","","3","3","3","Yes","Yes","3","No","No","3","No","No","3","3","2","2","4","1","3","2","2","4","1","3","3","3","3","3","3","3","3","3","3","3","3","3","558b8473fdf99b21155f2c40"
"42","1980-01-01 00:00:00","5","en","1285405393","40","Female","Graduate (University)","","Employed full-time","","3","2","9","5","No","No","Yes","Yes","No","Yes","No","Yes","Yes","No","No","0","5","3","6","5","6","Democrat","","7","6","6","Yes","Yes","4","Yes","No","3","Yes","No","3","5","3","2","4","4","3","4","3","4","3","2","3","3","4","4","3","2","3","3","3","4","3","3","5f96ae079554ed0256dc3c0b"
"43","1980-01-01 00:00:00","5","en","223244836","22","Female","High school","","Homemaker","","2","1","8","3","No","No","No","No","No","No","No","No","No","No","Yes","0","5","8","1","4","1","Republican","","4","4","4","No","No","3","No","No","3","No","No","3","4","5","7","5","3","3","4","4","5","1","4","3","3","4","5","1","1","3","4","4","5","1","1","5f3435be6fd6892fdc74b607"
"44","1980-01-01 00:00:00","5","en","1688459090","44","Female","Completed vocational training","","Employed part-time","","6","6","9","1","Yes","No","No","No","No","No","No","No","No","No","No","0","6","6","5","6","3","Republican","","6","6","6","Yes","No","3","No","No","3","No","No","3","5","7","5","7","4","1","1","1","4","1","1","1","1","1","3","1","1","1","1","1","3","1","1","62a4b2a2831b53dc1beeaab3"
"45","1980-01-01 00:00:00","5","en","1827079432","29","Female","Graduate (University)","","Employed full-time","","5","10","10","1","No","No","No","No","No","No","No","Yes","No","No","No","0","8","5","6","7","5","Democrat","","4","5","4","Yes","Yes","3","No","No","3","Yes","No","3","5","3","2","4","3","4","4","5","5","1","5","3","4","4","4","1","5","3","3","3","3","3","3","60b67d59dc0a4a180a1a9ccb"
"46","1980-01-01 00:00:00","5","en","1392975060","49","Female","Undergraduate (University)","","Homemaker","","1","5","10","2","No","No","No","No","No","No","No","No","No","No","Yes","0","7","5","5","5","6","Democrat","","4","4","4","Yes","Yes","3","No","No","3","No","No","3","4","5","5","5","3","3","4","4","4","3","5","3","3","3","3","3","4","3","3","3","3","3","4","63b70545b179c880f765bc4c"
"47","1980-01-01 00:00:00","5","en","2052439528","34","Female","Completed vocational training","","Employed full-time","","2","6","7","1","No","No","No","No","No","No","No","No","No","No","Yes","0","4","7","6","5","7","Democrat","","4","4","4","No","No","3","No","No","3","No","No","3","4","4","5","3","4","3","3","3","3","3","3","3","3","3","3","3","3","3","3","3","3","3","3","63d13b586b230d231577a44b@email.prolific.co"
"48","1980-01-01 00:00:00","5","en","1383966349","22","Male","High school","","Student","","3","4","7","6","No","No","No","No","No","No","No","No","No","No","Yes","0","4","5","5","6","4","Independent","","4","4","4","Yes","Yes","2","No","No","3","No","No","3","6","6","6","5","4","2","3","2","4","3","4","2","3","3","3","3","3","2","3","3","3","3","3","5efdb606c4efc321289cb3be"
"49","1980-01-01 00:00:00","5","en","177783818","53","Female","Undergraduate (University)","","Employed full-time","","2","8","10","4","No","No","No","No","Yes","No","No","No","No","No","No","0","4","9","7","7","6","Democrat","","4","4","4","Yes","No","3","No","No","3","No","No","3","4","3","2","4","2","3","3","3","4","2","4","3","3","3","3","3","3","3","3","3","3","3","3","5dd348356d522535afddc44e"
"50","1980-01-01 00:00:00","5","en","1204507767","39","Male","Undergraduate (University)","","Employed full-time","","1","3","6","1","No","No","No","No","No","No","No","No","No","No","Yes","0","7","4","7","6","6","Democrat","","5","5","5","Yes","Yes","4","No","No","3","No","No","3","6","6","4","6","2","4","4","4","4","4","4","3","3","3","3","3","3","3","3","3","3","3","3","63d94472927e6eb086a7aa36"
"51","1980-01-01 00:00:00","5","en","2095076637","24","Female","Undergraduate (University)","","Employed full-time","","4","7","6","1","No","No","No","No","No","No","No","No","No","No","Yes","0","2","5","5","5","5","Democrat","","4","4","4","Yes","Yes","4","No","No","3","No","No","3","4","5","3","7","4","2","4","3","5","2","5","3","3","3","3","3","3","3","3","3","3","3","3","610184b85f6357139bc4c9eb"
"52","1980-01-01 00:00:00","5","en","1175601390","39","Male","PhD (University)","","Employed full-time","","3","6","8","4","No","No","Yes","No","No","No","No","No","No","No","No","0","9","5","5","5","5","Independent","","4","4","4","No","No","2","No","No","2","No","No","2","4","4","4","5","3","3","2","2","4","1","4","3","3","3","3","1","2","3","3","3","3","1","2","5a1625bf728b1b0001ada452"
"53","1980-01-01 00:00:00","5","en","1186131164","27","Female","Graduate (University)","","Unemployed","","8","5","10","2","No","Yes","No","Yes","No","No","No","Yes","No","No","No","0","3","5","5","5","5","Democrat","","5","3","4","Yes","Yes","4","Yes","No","3","No","No","3","5","3","4","6","3","5","5","5","5","5","5","5","5","5","5","5","5","5","5","5","5","5","5","64526526ef0b6d0e638e886b"
"54","1980-01-01 00:00:00","5","en","1658171292","21","Female","Undergraduate (University)","","Student","","5","2","9","2","No","No","No","No","No","No","No","No","No","No","Yes","0","6","5","5","5","3","Other","Libertarian ","4","5","5","No","No","3","No","No","3","No","No","3","5","6","6","6","4","3","3","3","3","3","3","3","3","3","3","3","3","3","3","3","3","3","3","61082801c7c60120ef0f823c"
"55","1980-01-01 00:00:00","5","en","946722695","29","Female","Graduate (University)","","Employed full-time","","4","4","6","5","No","No","No","No","No","No","No","No","No","No","Yes","0","5","4","6","5","3","Independent","","4","5","5","Yes","Yes","3","Yes","No","3","Yes","No","3","4","5","5","5","3","3","3","3","4","3","4","3","4","3","4","2","2","3","3","3","2","3","3","5ec68ab50b73c1086a75adc6"
"56","1980-01-01 00:00:00","5","en","2080832494","31","Male","High school","","Self-employed","","6","4","7","4","No","No","No","No","No","No","No","No","No","No","Yes","0","5","4","6","6","4","Independent","","5","4","4","Yes","No","4","No","No","3","No","No","3","4","5","3","5","4","3","3","3","4","3","4","3","3","3","3","3","3","3","3","3","3","3","3","5e69d69465f14102e116627b"
"57","1980-01-01 00:00:00","5","en","853224501","39","Male","Completed vocational training","","Self-employed","","9","4","8","4","No","No","No","No","No","No","No","No","No","No","Yes","0","7","1","5","6","6","Independent","","4","4","4","Yes","Yes","4","No","No","3","No","No","3","4","3","2","6","3","2","3","3","3","1","2","3","3","3","2","1","1","3","3","3","3","1","1","6323871af24c02d8bfb205f5"
"58","1980-01-01 00:00:00","5","en","398710111","57","Male","Undergraduate (University)","","Unemployed","","5","5","9","4","No","No","No","No","No","No","No","No","No","No","Yes","0","5","5","5","5","6","Democrat","","4","4","4","Yes","No","4","No","No","3","No","No","3","4","4","5","2","5","4","2","3","5","1","1","3","3","3","3","1","1","3","3","3","3","1","1","62ec557954bc435fb9b35517"
"59","1980-01-01 00:00:00","5","en","1529445053","33","Female","Undergraduate (University)","","Unemployed","","3","5","10","4","No","No","No","No","No","No","No","No","No","No","Yes","0","3","7","6","6","7","Other","No Party Affiliation","4","4","4","Yes","No","3","No","No","3","No","No","3","4","3","4","5","2","3","2","3","4","1","1","3","2","3","3","1","1","3","2","3","3","1","1","608c8a30f56774708f1481d1"
"60","1980-01-01 00:00:00","5","en","1734422934","38","Male","PhD (University)","","Employed full-time","","7","5","9","4","No","No","No","No","No","No","No","Yes","No","No","No","0","7","5","4","6","5","Democrat","","4","4","4","Yes","Yes","4","Yes","No","3","Yes","No","3","4","3","1","4","1","4","3","3","4","1","4","4","3","3","3","3","3","3","3","3","3","3","3","63634917371cd21a6da4ff10"
"61","1980-01-01 00:00:00","5","en","621534463","20","Female","High school","","Student","","4","6","10","1","No","No","Yes","No","No","No","No","Yes","No","No","No","0","7","5","5","5","6","Democrat","","4","4","4","Yes","Yes","4","No","No","3","No","No","3","4","3","5","4","1","3","3","3","4","2","5","3","3","3","3","3","3","3","3","3","3","3","3","6039b3699649cf4b48cd3d12"
"62","1980-01-01 00:00:00","5","en","42797428","28","Male","Undergraduate (University)","","Employed full-time","","3","7","10","4","No","No","No","Yes","Yes","No","No","No","Yes","Yes","No","0","8","2","6","8","5","Democrat","","7","6","4","Yes","Yes","4","No","No","3","Yes","No","3","6","7","2","6","4","4","4","4","5","2","4","4","4","4","5","1","3","3","3","3","3","1","1","605fa46fdafbf129160d1777"
"63","","4","en","2098639396","37","Male","High school","","Employed full-time","","7","3","8","5","No","Yes","No","No","No","Yes","No","Yes","No","No","No","0","7","5","5","5","5","Independent","","4","4","4","Yes","Yes","4","No","No","1","No","No","1","4","1","1","4","1","","","","","","","","","","","","","","","","","","",""
"64","1980-01-01 00:00:00","5","en","54059515","32","Male","Elementary/high school diploma","","Self-employed","","4","4","9","6","No","No","No","No","Yes","No","No","No","No","No","No","0","4","6","6","6","5","Independent","","4","4","4","Yes","No","3","No","No","3","No","No","3","4","4","4","4","4","3","3","3","4","3","3","3","3","3","4","3","3","3","3","3","4","3","3","628b8ef9ef5432197c27bbc9"
"65","1980-01-01 00:00:00","5","en","1909973338","38","Male","Undergraduate (University)","","Employed full-time","","6","3","8","8","No","No","No","No","No","No","No","No","No","No","Yes","0","6","5","5","5","4","Independent","","4","4","4","Yes","No","3","No","No","1","No","No","1","4","4","4","4","4","4","4","4","4","1","5","3","3","3","3","3","3","3","3","3","3","3","3","5ff7c0aca2b5844e7af63fc4"
"66","1980-01-01 00:00:00","5","en","30790786","50","Male","Graduate (University)","","Employed full-time","","2","5","8","2","No","Yes","Yes","No","Yes","No","No","Yes","No","Yes","No","0","7","4","6","7","6","Democrat","","4","4","4","Yes","Yes","4","No","No","3","No","No","3","4","3","3","5","2","3","3","3","4","4","5","3","3","3","3","3","4","3","3","3","3","3","4","630fadc5c6bf2f6d623f5775"
"67","1980-01-01 00:00:00","5","en","1953242558","27","Male","High school","","Employed full-time","","7","3","9","9","No","Yes","No","No","No","No","No","Yes","No","No","No","0","6","6","4","6","5","Independent","","5","4","4","Yes","Yes","4","No","No","3","No","No","3","4","2","6","5","2","3","3","3","4","3","5","3","3","3","3","3","3","3","3","3","3","3","3","5bdce7ec9b3c6a000115718f"
"68","1980-01-01 00:00:00","5","en","1244412151","38","Male","Undergraduate (University)","","Employed full-time","","1","7","6","2","No","No","No","No","No","No","No","No","No","No","Yes","0","4","5","5","5","7","Democrat","","4","4","4","Yes","Yes","1","No","No","3","No","No","3","4","4","4","4","4","3","1","1","1","1","1","3","3","3","3","3","3","3","3","3","3","3","3","5484949efdf99b0379939cc6"
"69","1980-01-01 00:00:00","5","en","1374944962","39","Male","Undergraduate (University)","","Unemployed","","3","4","7","1","No","No","No","No","No","No","No","No","No","No","Yes","0","6","7","7","6","6","Republican","","5","4","4","Yes","Yes","3","No","No","3","No","No","3","5","5","6","5","4","3","4","4","5","3","3","3","3","3","3","3","3","3","3","3","3","3","3","5e3dff6b8714b707b9a258b0"
"70","1980-01-01 00:00:00","5","en","954775517","32","Male","Undergraduate (University)","","Employed full-time","","6","6","10","4","No","No","No","Yes","No","No","No","Yes","No","Yes","No","0","4","1","10","2","6","Democrat","","6","5","5","Yes","No","4","No","No","3","No","No","3","4","5","7","6","3","4","4","4","5","4","5","3","3","3","3","3","3","3","3","3","3","3","3","5c6a617c4330ba000182510e"
"71","1980-01-01 00:00:00","5","en","1741001066","26","Female","Undergraduate (University)","","Employed full-time","","6","7","9","5","No","No","No","No","No","No","No","No","No","No","Yes","0","4","6","5","6","5","Democrat","","5","4","4","Yes","Yes","4","No","No","3","No","No","3","5","5","5","5","4","4","5","5","5","4","5","3","3","3","3","3","3","3","3","3","3","3","3","5f1f9c1e6342c31c5c9ebe0a"
"72","","","en","227503500","","N/A","","","","","","","","","N/A","N/A","N/A","N/A","N/A","N/A","N/A","N/A","N/A","N/A","N/A","","","","","","","","","","","","N/A","N/A","","N/A","N/A","","N/A","N/A","","","","","","","","","","","","","","","","","","","","","","","","",""
"73","1980-01-01 00:00:00","5","en","1554672716","37","Male","Graduate (University)","","Employed full-time","","7","5","8","5","No","No","No","No","No","No","No","No","No","No","Yes","0","7","4","4","6","4","Independent","","4","4","4","Yes","Yes","4","No","No","1","No","No","1","5","5","4","5","4","5","5","5","5","5","5","3","3","3","3","3","3","3","3","3","3","3","3","5ea96c415a6a4e068b6d1e84"
"74","1980-01-01 00:00:00","5","en","902678545","34","Female","PhD (University)","","Employed full-time","","1","6","8","6","No","No","No","No","No","No","No","No","No","No","Yes","0","7","5","3","7","4","Independent","","4","4","4","Yes","Yes","4","No","No","1","No","No","1","5","5","4","5","3","5","5","5","5","5","5","3","3","3","3","3","3","3","3","3","3","3","3","5eb4a91af2291f30f6b73c9c"
"75","1980-01-01 00:00:00","5","en","2055789836","35","Female","Graduate (University)","","Homemaker","","7","7","9","6","No","No","No","No","No","No","No","No","No","No","Yes","0","6","6","6","6","4","Independent","","4","4","4","Yes","Yes","5","No","No","3","No","No","3","4","5","5","4","4","5","5","5","5","5","5","4","4","4","4","3","5","4","4","4","4","2","5","5bb6c8c870f8df0001bfbb6c"
"76","1980-01-01 00:00:00","5","en","1724607921","35","Male","Undergraduate (University)","","Employed full-time","","7","7","6","4","Yes","Yes","No","No","No","No","No","Yes","No","Yes","No","0","7","5","5","10","4","Independent","","4","4","4","Yes","Yes","4","No","No","3","No","No","3","4","4","4","4","4","3","3","3","4","4","4","3","3","3","3","3","3","3","3","3","3","3","3","5ed5d28a7981f617185819ff"
"77","","","en","1146584557","","N/A","","","","","","","","","N/A","N/A","N/A","N/A","N/A","N/A","N/A","N/A","N/A","N/A","N/A","","","","","","","","","","","","N/A","N/A","","N/A","N/A","","N/A","N/A","","","","","","","","","","","","","","","","","","","","","","","","",""
"78","1980-01-01 00:00:00","5","en","1128634109","58","Female","Other","MD","Retired","","2","2","7","2","No","No","No","No","No","No","No","No","No","No","No","wsws, the guardian, counterpunch","7","9","4","2","7","Other","none; progressive","4","4","4","Yes","No","4","No","No","3","No","No","3","4","2","1","3","1","3","3","3","4","2","4","3","3","3","3","3","3","3","3","3","3","3","3","5e5e5b2488479216d9171d1b"
"79","1980-01-01 00:00:00","5","en","20400656","40","Male","Graduate (University)","","Employed full-time","","4","9","8","2","No","Yes","No","Yes","Yes","No","No","Yes","No","No","No","0","7","8","6","7","5","Independent","","4","3","4","Yes","No","4","No","No","3","No","No","3","4","5","3","4","3","4","4","3","4","3","4","4","3","3","4","2","3","4","3","3","4","2","4","574b79285e549100063c292e"
"80","1980-01-01 00:00:00","5","en","1302372502","37","Male","PhD (University)","","Employed full-time","","2","6","6","1","No","Yes","No","No","No","Yes","No","Yes","No","No","No","0","7","6","6","6","6","Independent","","4","4","4","Yes","Yes","4","Yes","No","3","No","No","3","5","5","5","4","1","4","4","4","4","3","5","3","3","3","3","3","3","3","3","3","3","2","4","629f600f0e7c09ec275bfdc2"
"81","1980-01-01 00:00:00","5","en","2134575987","39","Male","High school","","Unemployed","","3","4","8","1","No","No","No","No","No","No","No","No","No","No","Yes","0","6","6","6","6","5","Independent","","4","4","4","Yes","Yes","3","No","No","3","No","No","3","4","4","4","4","4","3","3","3","4","2","3","3","3","3","3","3","3","3","3","3","3","3","3","5c2789fc1694480001e4c4e3"
"82","1980-01-01 00:00:00","5","en","731898366","28","Female","Undergraduate (University)","","Employed full-time","","6","4","8","5","No","No","No","No","No","No","No","No","No","No","Yes","0","4","9","7","5","6","Democrat","","4","4","4","No","No","3","No","No","3","No","No","3","3","2","3","6","3","2","2","2","2","2","2","2","2","2","2","2","3","2","2","2","2","2","2","60fccbcc1254e074f17d5565"
"83","1980-01-01 00:00:00","5","en","2103618664","26","Female","No school-leaving qualification","","Self-employed","","3","5","9","2","No","No","No","No","No","No","No","No","No","No","Yes","0","4","9","9","8","7","Other","Socialist","4","4","4","Yes","No","1","No","No","1","No","No","1","4","1","3","2","1","1","1","1","1","1","2","2","2","2","2","2","2","2","2","2","2","2","2","5d464c8a4bfe160001692125"
"84","1980-01-01 00:00:00","5","en","804443638","28","Female","Undergraduate (University)","","Employed part-time","","3","4","8","4","No","No","Yes","Yes","No","No","No","No","Yes","Yes","No","0","5","5","5","5","6","Independent","","5","4","4","Yes","Yes","4","No","No","3","Yes","No","3","4","4","4","4","4","4","4","4","4","3","4","4","4","4","4","3","4","4","4","4","4","3","4","5dcca2db88381e92c96b9ac5"
"85","1980-01-01 00:00:00","5","en","1480548426","25","Male","Undergraduate (University)","","Employed part-time","","6","4","7","8","No","Yes","Yes","No","No","Yes","Yes","Yes","Yes","Yes","No","0","5","5","7","3","6","Democrat","","6","5","5","Yes","Yes","4","Yes","No","4","Yes","No","4","5","3","4","6","2","5","5","5","5","5","5","5","4","4","4","3","3","5","4","4","4","2","2","5edb487096035b7c2ab90276"
"86","1980-01-01 00:00:00","5","en","1483637123","40","Male","Graduate (University)","","Employed full-time","","7","9","10","1","No","Yes","No","No","No","No","No","No","No","No","No","0","6","6","4","8","6","Independent","","4","4","4","Yes","Yes","4","No","No","3","No","No","3","4","4","3","4","1","3","3","2","5","2","1","3","3","2","4","3","1","3","3","2","4","3","1","608cc945d87a9e15dcf958a5"
"87","1980-01-01 00:00:00","5","en","1235492705","23","Male","High school","","Student","","2","5","9","3","No","No","Yes","Yes","No","Yes","No","Yes","No","No","No","0","3","7","6","4","5","Democrat","","4","4","4","Yes","Yes","3","No","No","3","No","No","3","4","3","2","6","4","3","4","4","4","2","4","3","3","3","3","3","3","3","3","3","3","3","3","6330622d9703174abfac3b14"
"88","1980-01-01 00:00:00","5","en","1688713383","38","Male","Undergraduate (University)","","Employed full-time","","7","7","8","4","No","Yes","No","Yes","No","Yes","No","Yes","No","Yes","No","0","7","8","6","6","5","Democrat","","4","4","4","Yes","No","4","No","No","4","No","No","4","4","4","5","3","2","4","4","3","5","4","4","4","4","3","4","4","4","4","4","3","4","4","4","5dbe5988c486793536a04f61"
"89","1980-01-01 00:00:00","5","en","840045758","26","Male","Graduate (University)","","Employed full-time","","7","5","9","5","No","No","No","Yes","No","No","Yes","Yes","No","No","No","0","6","5","5","5","4","Democrat","","4","4","4","Yes","Yes","4","No","No","3","No","No","3","4","5","5","5","4","4","4","3","4","4","5","3","3","3","3","3","3","3","3","3","3","3","3","63f77e5e69b9bf63b3ca78bd"
"90","1980-01-01 00:00:00","5","en","1171435068","28","Male","PhD (University)","","Employed full-time","","1","5","9","7","No","No","Yes","Yes","No","Yes","No","No","No","No","No","0","7","8","8","8","3","Democrat","","4","4","4","Yes","Yes","3","No","No","3","No","No","3","4","5","2","6","4","2","3","3","3","1","4","2","3","3","3","3","3","2","3","3","3","3","3","5cc9b60821576e000117f55a"
"91","1980-01-01 00:00:00","5","en","2100763331","30","Female","Undergraduate (University)","","Homemaker","","10","4","10","1","No","No","Yes","Yes","No","No","No","Yes","No","No","No","0","4","6","6","6","4","Independent","","4","4","4","Yes","No","3","No","No","3","No","No","3","4","7","1","4","4","5","5","5","5","5","5","5","5","5","5","5","5","5","5","5","5","5","5","5f2f5cd4a0330f34f7f5f2fe"
"92","1980-01-01 00:00:00","5","en","551298737","34","Male","Undergraduate (University)","","Unemployed","","2","8","9","1","No","No","Yes","Yes","Yes","Yes","No","Yes","No","No","No","0","4","5","5","5","6","Democrat","","4","4","4","Yes","No","3","No","No","3","No","No","3","4","4","3","4","3","3","3","3","4","2","3","3","3","3","3","2","3","3","3","3","3","2","3","5dc47ddd034b45342d3b2e3a"
"93","1980-01-01 00:00:00","5","en","1787369394","46","Female","High school","","Homemaker","","9","9","10","3","No","No","No","No","No","No","No","No","No","No","Yes","0","6","2","7","5","5","Democrat","","6","3","4","Yes","Yes","4","No","No","3","No","No","3","4","7","5","6","3","4","4","4","4","2","4","3","3","3","3","3","3","3","3","3","3","1","3","570d891d42a1db000fc65b4d"
"94","1980-01-01 00:00:00","5","en","1803951435","20","Male","Undergraduate (University)","","Self-employed","","3","1","10","3","No","No","No","No","No","No","No","No","No","No","Yes","0","3","6","6","4","4","Independent","","4","5","3","Yes","Yes","4","No","No","3","No","No","3","4","3","3","4","4","5","4","4","5","4","5","3","3","3","3","2","2","3","2","3","3","1","3","63f78071721a6cacdd63d835"
"95","1980-01-01 00:00:00","5","en","563180428","26","Female","Graduate (University)","","Employed full-time","","5","4","7","5","No","No","No","No","No","No","No","Yes","No","No","No","0","7","5","5","5","5","Other","moderate","4","4","4","Yes","Yes","3","No","No","3","No","No","3","4","3","5","4","4","2","2","2","4","2","3","3","3","3","3","3","3","3","3","3","3","3","3","612d12ce0f3732a9a0782cf2"
"96","1980-01-01 00:00:00","5","en","651586603","41","Female","High school","","Employed full-time","","4","1","10","3","No","Yes","Yes","No","No","No","No","Yes","No","No","No","0","4","4","4","4","7","Democrat","","7","7","7","Yes","No","4","No","No","3","No","No","3","4","3","1","4","2","3","3","3","4","1","3","3","3","3","4","1","3","3","3","3","4","1","3","60883e078fa7828e99acb69a"
"97","1980-01-01 00:00:00","5","en","375585681","42","Female","Graduate (University)","","Self-employed","","3","6","8","2","No","No","Yes","Yes","Yes","Yes","No","Yes","No","Yes","No","0","6","5","5","5","6","Democrat","","4","4","4","Yes","No","3","No","No","3","No","No","3","4","3","3","4","2","3","3","2","4","3","4","3","3","3","3","3","3","3","3","3","3","3","3","5d5434e959f4b1001a6866e7"
"98","1980-01-01 00:00:00","5","en","83295590","23","Male","High school","","Unemployed","","8","3","9","2","No","No","No","No","No","No","No","No","No","No","Yes","0","4","7","7","6","4","Independent","","5","4","4","Yes","No","4","No","No","3","No","No","3","5","3","6","3","4","5","5","5","5","4","5","3","3","3","3","3","3","3","3","3","3","3","3","5f06f35241fdb52794516c0f"
"99","1980-01-01 00:00:00","5","en","1064109276","50","Male","Completed vocational training","","Employed full-time","","4","7","10","5","No","No","No","No","No","Yes","No","Yes","Yes","No","No","0","5","7","4","5","6","Independent","","4","4","4","Yes","Yes","4","No","No","3","No","No","3","4","2","1","2","1","4","5","5","5","3","5","4","4","5","5","2","3","4","4","5","4","2","3","623474fa7e61d138f6e6fa44"
"100","1980-01-01 00:00:00","5","en","1921299502","40","Male","Undergraduate (University)","","Employed full-time","","5","7","9","4","No","No","No","Yes","Yes","No","No","No","No","Yes","No","0","6","1","1","1","4","Independent","","4","4","4","Yes","No","3","No","No","3","No","No","3","3","3","3","3","3","2","3","3","3","2","3","3","3","3","3","3","3","3","3","3","3","3","3","6400d8fed4e36f282d474159"
"101","","","en","894157206","","N/A","","","","","","","","","N/A","N/A","N/A","N/A","N/A","N/A","N/A","N/A","N/A","N/A","N/A","","","","","","","","","","","","N/A","N/A","","N/A","N/A","","N/A","N/A","","","","","","","","","","","","","","","","","","","","","","","","",""
"102","1980-01-01 00:00:00","5","en","1170962505","47","Female","Undergraduate (University)","","Homemaker","","7","9","10","1","No","No","No","No","No","No","No","Yes","No","No","No","0","7","6","6","8","6","Democrat","","4","4","4","Yes","No","4","No","No","2","No","No","2","4","4","1","6","1","4","4","4","5","3","5","3","3","3","3","3","3","3","3","3","3","3","3","6155e0bb17662cfd9293bfd5"
"103","1980-01-01 00:00:00","5","en","436096411","29","Male","High school","","Self-employed","","4","3","9","5","Yes","No","No","No","Yes","No","No","No","No","No","No","0","2","2","2","3","4","Independent","","3","5","3","Yes","No","4","No","No","3","No","No","3","4","3","3","4","5","3","3","3","4","3","3","3","3","3","3","3","3","3","3","3","3","3","3","60e364349645120ba12a3d70"
"104","1980-01-01 00:00:00","5","en","1663575202","39","Female","Graduate (University)","","Unemployed","","1","6","9","1","No","No","No","No","No","No","No","No","No","No","Yes","0","5","6","4","3","3","Republican","","4","4","4","Yes","No","4","No","No","3","No","No","3","4","7","7","7","2","1","1","2","4","1","2","3","1","1","1","1","1","1","1","1","1","1","1","61042b4421f724dc8f6d80eb"
"105","1980-01-01 00:00:00","5","en","1287748370","36","Female","Completed vocational training","","Employed full-time","","8","7","10","6","No","No","No","No","No","No","No","No","No","No","No","AP","4","5","5","5","7","Democrat","","4","4","4","Yes","No","3","No","No","3","No","No","3","4","3","2","4","1","3","3","2","4","2","4","3","3","3","3","2","3","3","3","3","3","2","3","612d5aec388ae7382c6d9d59"
"106","1980-01-01 00:00:00","5","en","2093183703","23","Female","Undergraduate (University)","","Employed full-time","","8","9","9","3","No","No","No","Yes","Yes","No","No","Yes","No","No","No","0","7","5","7","7","6","Democrat","","5","5","5","Yes","Yes","4","No","No","3","No","No","3","4","4","4","4","4","4","5","5","5","2","2","3","3","3","3","3","3","3","3","3","3","3","3","610882aada3f5f8784429163"
"107","1980-01-01 00:00:00","5","en","2066311804","48","Female","Completed vocational training","","Unemployed","","7","5","8","1","No","No","No","No","No","No","No","No","No","No","Yes","0","3","8","6","7","5","Democrat","","6","5","5","Yes","No","3","No","No","3","No","No","3","6","6","7","3","4","4","4","4","4","1","4","4","4","4","3","1","4","4","4","4","4","1","4","608a0175caaa968e48ae4b6d"
"108","1980-01-01 00:00:00","5","en","530110881","39","Male","University of Applied Sciences degree","","Employed full-time","","4","4","10","5","No","No","No","Yes","No","No","No","Yes","No","No","No","0","4","6","5","5","6","Democrat","","5","5","5","Yes","Yes","4","No","No","4","No","No","4","6","7","5","5","3","2","3","4","4","2","5","2","3","3","4","2","4","2","3","4","4","2","4","5bf2337547415500011598f0"
"109","1980-01-01 00:00:00","5","en","142818866","34","Male","Graduate (University)","","Employed full-time","","4","3","7","5","No","No","No","Yes","Yes","No","No","Yes","Yes","No","No","0","6","6","7","7","5","Democrat","","4","4","4","Yes","No","4","No","No","3","No","No","3","5","3","3","5","2","4","5","5","5","2","4","3","4","4","4","1","2","4","4","4","3","1","2","5d474d1fab2d280015bb0110"
"110","1980-01-01 00:00:00","5","en","956345234","25","Male","High school","","Unemployed","","3","5","8","1","No","No","No","No","No","No","No","No","No","No","Yes","0","3","5","5","5","4","Independent","","4","4","4","Yes","No","3","No","No","3","No","No","3","4","4","4","4","4","3","3","3","5","1","3","3","3","3","3","1","2","3","3","3","3","1","2","5ed427e3bcd0c00b58a177c0"
"111","1980-01-01 00:00:00","5","en","1444045147","24","Female","Undergraduate (University)","","Other","disabled","8","6","9","3","No","No","No","No","No","No","No","No","No","No","Yes","0","2","6","5","6","3","Independent","","6","5","6","Yes","No","3","No","No","3","No","No","3","4","7","7","7","4","2","2","1","2","1","1","1","1","1","1","1","1","1","1","1","1","1","1","5f839de3c11409537caccb9c"
"112","1980-01-01 00:00:00","5","en","893042500","20","Male","High school","","Unemployed","","6","5","9","2","No","No","No","Yes","No","No","No","Yes","Yes","No","No","0","3","5","5","5","7","Democrat","","5","4","4","Yes","Yes","3","No","No","3","No","No","3","5","3","1","4","1","4","4","4","5","3","5","3","3","3","3","3","3","3","3","3","3","3","3","613461a8b9035cf9b29ad84d"
"113","1980-01-01 00:00:00","5","en","1966708174","68","Female","Completed vocational training","","Retired","","4","3","7","2","Yes","No","No","No","No","No","No","No","No","No","No","Simon Parkes","2","7","8","6","2","Republican","","6","4","4","Yes","No","3","No","No","3","No","No","3","6","7","2","5","1","2","2","2","3","1","3","2","2","2","2","2","2","2","2","2","2","2","2","63651ebda2500601d3dd5365"
"114","1980-01-01 00:00:00","5","en","1972018026","33","Male","Undergraduate (University)","","Employed full-time","","5","7","8","2","No","No","No","No","No","No","No","No","No","No","Yes","0","3","4","4","5","7","Democrat","","4","4","4","Yes","No","4","No","No","3","No","No","3","4","5","2","5","2","3","3","3","4","1","4","3","3","3","4","5","3","3","3","3","4","5","3","60b4f4b34e71c30513ecc1f5"
"115","1980-01-01 00:00:00","5","en","830038049","27","Female","Undergraduate (University)","","Student","","6","8","10","4","No","No","Yes","No","No","No","No","Yes","No","No","No","0","6","4","5","6","7","Independent","","4","3","3","Yes","Yes","4","No","No","3","No","No","3","3","2","2","5","3","4","4","3","5","3","5","3","3","3","3","1","4","3","3","3","4","2","5","603000ac19eaccdcf8b92e62"
"116","1980-01-01 00:00:00","5","en","1144868080","28","Female","Undergraduate (University)","","Employed full-time","","1","9","9","1","Yes","No","No","No","No","No","No","No","No","No","No","0","5","8","1","6","1","Republican","","4","5","6","Yes","Yes","5","Yes","No","3","Yes","No","2","4","7","3","4","5","5","5","5","5","5","5","4","3","4","5","1","1","3","2","3","5","1","1","644a751dfb9657326732e7fb"
"117","1980-01-01 00:00:00","5","en","1738959087","39","Male","Undergraduate (University)","","Employed full-time","","4","3","8","3","No","No","No","Yes","No","No","No","No","No","No","No","0","3","5","6","4","6","Democrat","","4","4","3","Yes","No","4","No","No","3","No","No","3","3","2","2","4","3","4","4","3","4","2","4","3","3","4","4","1","3","3","2","3","3","1","2","559002fefdf99b3f7aada38f"
"118","1980-01-01 00:00:00","5","en","1925859046","26","Female","Graduate (University)","","Employed full-time","","5","4","7","2","No","No","No","Yes","No","No","No","No","No","No","No","0","6","5","5","5","7","Democrat","","3","4","4","No","No","3","No","No","3","No","No","3","4","3","2","7","3","4","3","3","5","4","4","4","3","3","5","4","4","4","3","3","4","4","4","5f616d5523e52610f1ac1a16"
"119","1980-01-01 00:00:00","5","en","1841603772","31","Male","Undergraduate (University)","","Unemployed","","3","7","9","1","No","No","No","No","No","No","No","No","No","No","Yes","0","3","7","5","7","6","Democrat","","4","4","4","Yes","No","4","No","No","3","No","No","3","3","2","1","3","1","3","3","3","4","3","5","3","3","3","4","3","5","3","3","3","4","3","5","60ce9fa3d9f9a088647a62ba"
"120","1980-01-01 00:00:00","5","en","2123964647","29","Male","Graduate (University)","","Employed full-time","","1","2","8","9","No","No","No","No","No","No","No","Yes","No","No","No","0","6","3","4","5","5","Democrat","","4","4","4","Yes","Yes","4","No","No","3","No","No","3","4","5","6","2","1","4","4","5","5","2","5","3","3","3","3","3","3","3","3","3","3","3","3","60cec5dbf17b09ca3edf5d33"
"121","1980-01-01 00:00:00","5","en","1493061791","27","Male","Secondary school","","Unemployed","","1","7","10","1","No","No","No","No","No","No","No","No","No","No","Yes","0","2","4","5","5","6","Independent","","6","4","4","Yes","No","4","No","No","3","No","No","3","6","5","4","3","2","2","2","2","5","1","3","3","3","3","3","3","3","3","3","3","3","3","3","58d7d2c2e9b6dc000129148a"
"122","1980-01-01 00:00:00","5","en","1435375345","38","Female","High school","","Homemaker","","1","1","6","7","No","No","No","No","No","No","No","No","No","No","Yes","0","4","5","5","5","5","Democrat","","4","4","4","Yes","Yes","4","No","No","3","No","No","3","4","5","4","4","2","5","4","4","5","2","5","3","3","3","3","3","3","3","3","3","3","3","3","610e6880f784d836a872a9a5"
"123","1980-01-01 00:00:00","5","en","465946156","54","Female","Graduate (University)","","Employed part-time","","3","9","10","4","No","No","No","Yes","Yes","No","Yes","No","No","No","No","0","9","8","8","10","6","Independent","","7","7","7","Yes","Yes","4","No","No","2","Yes","Yes","4","6","7","7","7","6","4","1","4","5","1","5","4","4","3","3","3","5","5","5","4","4","5","5","6430821f33813b8a567a8723"
"124","1980-01-01 00:00:00","5","en","713996046","33","Female","Undergraduate (University)","","Employed full-time","","9","6","9","2","No","No","No","No","No","No","No","No","No","No","Yes","0","7","8","8","8","7","Democrat","","4","4","4","No","No","3","No","No","3","No","No","3","4","4","4","4","4","4","4","4","4","4","5","4","4","4","4","4","5","4","4","4","4","2","5","60fd781f9fe1637567804499"
"125","1980-01-01 00:00:00","5","en","183509787","55","Female","High school","","Homemaker","","5","7","10","1","No","No","No","No","No","No","No","No","No","No","Yes","0","3","3","3","3","2","Republican","","4","4","4","No","No","2","No","No","2","No","No","2","4","7","4","6","6","3","3","3","3","3","3","3","3","3","3","3","3","3","3","3","3","3","3","63d475f2b52ddc6fbab9ce52"
"126","1980-01-01 00:00:00","5","en","2090733965","32","Male","Undergraduate (University)","","Employed full-time","","8","5","7","5","No","No","No","No","No","No","No","No","No","No","Yes","0","2","4","5","5","7","Democrat","","4","4","4","Yes","Yes","4","No","No","3","No","No","3","5","2","3","5","2","3","5","4","3","3","5","3","3","3","3","1","4","3","3","4","3","2","4","5f35834258a6f754f9150404"
"127","1980-01-01 00:00:00","5","en","503431444","26","Male","Other","AA","Employed full-time","","7","6","8","4","No","No","No","No","No","No","No","No","No","No","No","Social media pages","6","8","5","5","5","Democrat","","4","4","4","Yes","No","3","No","No","3","No","No","3","4","3","5","3","3","4","4","4","5","3","4","3","3","3","3","3","3","3","3","3","3","3","3","628d0122bd2de9268f57e207"
"128","1980-01-01 00:00:00","5","en","404983240","28","Male","Elementary/high school diploma","","Employed full-time","","5","5","6","7","No","No","No","No","No","No","No","No","No","No","Yes","0","6","4","4","6","5","Independent","","4","4","4","Yes","No","3","No","No","3","No","No","3","4","4","4","4","4","3","3","3","3","3","3","3","3","3","3","3","3","3","3","3","3","3","3","5cd01055c24ebe0001f9fd40"
"129","1980-01-01 00:00:00","5","en","69193637","32","Female","Undergraduate (University)","","Employed part-time","","5","4","7","1","No","No","Yes","Yes","No","Yes","No","Yes","No","No","No","0","3","5","5","5","6","Independent","","4","4","4","Yes","No","3","No","No","3","No","No","3","4","3","5","4","2","2","2","2","4","3","2","3","2","3","3","2","3","3","3","3","3","2","3","5e544727059e3744ccdd4c3b"
"130","1980-01-01 00:00:00","5","en","182245295","68","Male","Undergraduate (University)","","Self-employed","","4","8","10","2","No","No","Yes","No","Yes","No","No","No","No","No","No","0","7","2","7","6","6","Democrat","","5","4","4","Yes","No","4","No","No","3","No","No","3","4","3","4","5","2","4","4","4","4","3","4","3","3","3","3","2","2","3","3","3","3","2","2","5de7f88b762dc2775b2265b8"
"131","1980-01-01 00:00:00","5","en","89121516","62","Female","Undergraduate (University)","","Self-employed","","8","7","10","1","No","No","No","No","No","No","No","No","No","No","No","Newsmax, OAN, The Blaze, Breitbart, Epoch Times","9","7","8","6","1","Republican","","7","4","4","Yes","No","4","No","No","3","No","No","3","6","7","6","7","3","2","2","2","2","2","2","3","3","3","3","3","3","3","3","3","3","3","3","606609111ba10f35596db018"
"132","1980-01-01 00:00:00","5","en","1671755836","69","Male","Completed vocational training","","Retired","","8","7","9","5","No","No","No","No","No","No","No","No","No","No","Yes","0","8","6","6","6","3","Independent","","4","4","4","Yes","No","4","No","No","3","No","No","3","4","5","4","4","3","4","4","4","5","2","5","3","3","3","3","3","3","3","3","3","3","3","3","6148c0a6e2353cbbac1cd506"
"133","1980-01-01 00:00:00","5","en","1905150701","27","Female","Undergraduate (University)","","Employed part-time","","7","6","8","5","No","No","No","Yes","Yes","No","No","Yes","No","No","No","0","7","8","7","6","6","Democrat","","4","4","4","Yes","Yes","4","No","No","3","No","No","3","5","5","2","6","3","4","4","4","5","4","4","4","4","3","4","2","3","3","3","4","4","3","4","612e9fb57400639a88cfae33"
"134","1980-01-01 00:00:00","5","en","1851627484","24","Female","Other","some college","Employed full-time","","6","5","8","3","No","No","No","No","No","No","No","No","No","No","Yes","0","6","5","5","5","4","Independent","","4","3","4","Yes","Yes","3","No","No","2","No","No","3","3","2","5","4","3","3","3","2","4","2","3","3","3","3","3","3","3","3","3","3","3","3","3","6102201d916cbe6d39df3b62"
"135","1980-01-01 00:00:00","5","en","1672122728","38","Female","University of Applied Sciences degree","","Employed full-time","","3","7","7","3","No","No","No","No","No","No","No","No","No","No","Yes","0","5","9","5","6","5","Democrat","","4","2","6","Yes","Yes","3","No","No","3","No","No","3","4","3","1","4","2","4","4","3","4","2","4","3","3","3","3","3","3","3","3","3","3","3","3","58c72acd444ade00010234d8"
"136","1980-01-01 00:00:00","5","en","686586345","39","Female","Completed vocational training","","Other","Disabled","4","5","8","3","No","No","No","No","No","No","No","No","No","No","Yes","0","3","6","6","5","7","Democrat","","4","4","4","Yes","No","2","No","No","2","No","No","2","4","3","3","4","2","3","2","2","4","1","3","3","3","3","3","3","3","3","3","3","3","3","3","6019bbb66e5c2815ba3728b6"
"137","1980-01-01 00:00:00","5","en","1204119016","55","Male","Undergraduate (University)","","Self-employed","","8","8","8","1","No","No","No","No","No","No","No","No","No","No","Yes","0","6","6","4","5","4","Other","libertarian","6","4","4","Yes","Yes","4","No","No","3","No","No","3","4","7","3","6","6","5","5","5","5","1","5","5","5","5","5","1","5","5","5","5","5","1","5","62fd17440d5147b43183b0aa"
"138","1980-01-01 00:00:00","5","en","1868935917","28","Male","Graduate (University)","","Self-employed","","2","6","8","8","No","No","Yes","No","No","No","No","Yes","No","No","No","0","4","8","6","5","7","Democrat","","2","4","4","Yes","Yes","3","No","No","3","No","No","3","4","2","1","3","1","2","2","2","5","3","4","2","2","2","3","2","2","2","2","2","3","2","2","63d803fe12fac7c6d3d14012"
"139","1980-01-01 00:00:00","5","en","1839324386","27","Female","Undergraduate (University)","","Unemployed","","3","5","6","7","No","No","No","No","No","No","No","No","No","No","Yes","0","2","9","7","4","4","Independent","","4","4","4","Yes","Yes","3","No","No","3","No","No","3","4","3","3","3","4","2","3","3","4","2","3","3","3","3","3","3","3","3","3","3","3","3","3","63b777804c8a26a81128a248"
"140","1980-01-01 00:00:00","5","en","417442177","36","Female","Undergraduate (University)","","Employed full-time","","5","5","9","3","No","No","No","No","No","No","No","No","No","No","Yes","0","5","8","6","5","4","Democrat","","4","1","2","No","No","4","No","No","4","No","No","2","4","5","5","5","4","3","4","3","4","3","5","3","3","3","3","3","3","3","3","3","3","3","3","5d69ac222b85a000015e352f"
"141","1980-01-01 00:00:00","5","en","1614684362","22","Female","High school","","Employed full-time","","3","3","9","5","Yes","No","Yes","Yes","No","No","No","Yes","No","No","No","0","3","4","6","6","5","Democrat","","6","4","4","Yes","Yes","4","No","No","3","No","No","3","5","4","5","5","4","4","4","4","5","3","4","3","3","3","3","3","3","3","3","3","3","3","3","5dd9df0e946f7c97406a55ea"
"142","1980-01-01 00:00:00","5","en","1216056839","30","Male","Undergraduate (University)","","Employed full-time","","3","4","9","1","No","No","No","No","No","No","No","No","No","No","Yes","0","7","9","8","5","4","Independent","","6","4","4","Yes","No","4","No","No","3","No","No","3","7","7","7","7","4","2","2","2","4","2","2","3","3","3","3","3","3","3","3","3","3","3","3","6286642579f3b7c4d3f863c4"
"143","1980-01-01 00:00:00","5","en","1379851247","39","Female","Graduate (University)","","Employed part-time","","6","4","9","4","No","No","No","Yes","No","Yes","No","No","No","No","No","0","6","4","6","7","5","Democrat","","4","4","4","Yes","No","4","No","No","3","No","No","3","4","3","1","5","2","4","3","3","4","2","4","3","3","3","3","3","3","3","3","3","3","3","3","61644d760c8439f52ae07d35"
"144","1980-01-01 00:00:00","5","en","1509302506","36","Male","Undergraduate (University)","","Employed full-time","","1","9","10","1","No","No","No","Yes","No","No","No","No","Yes","Yes","No","0","3","3","3","3","6","Democrat","","4","4","4","Yes","Yes","4","No","No","3","No","No","3","4","6","3","5","3","3","3","3","4","3","3","3","3","3","3","3","3","3","3","3","3","3","3","5588c479fdf99b304ee563eb"
"145","1980-01-01 00:00:00","5","en","435495777","37","Male","Completed vocational training","","Homemaker","","8","7","7","5","No","No","No","No","No","No","No","No","No","No","Yes","0","5","4","6","6","6","Democrat","","6","5","5","Yes","Yes","5","No","No","3","No","No","3","6","5","4","6","3","5","5","5","5","3","5","3","3","3","4","2","3","3","3","3","3","3","3","5dd365bdaf16d337333e212e"
"146","1980-01-01 00:00:00","5","en","1944725440","35","Female","Undergraduate (University)","","Homemaker","","2","7","7","3","No","No","No","No","No","No","No","No","No","No","Yes","0","4","5","5","4","6","Democrat","","4","4","4","Yes","No","4","No","No","3","No","No","3","4","6","5","4","4","4","3","4","5","2","3","5","4","5","4","2","2","4","3","4","4","1","2","5d85150104ad7f00180935d1"
"147","1980-01-01 00:00:00","5","en","268114940","34","Male","Graduate (University)","","Employed full-time","","3","2","7","6","No","Yes","Yes","Yes","Yes","No","No","Yes","No","No","No","0","6","7","7","6","5","Democrat","","4","4","4","Yes","No","4","No","No","3","No","No","3","4","3","2","5","2","5","4","5","5","3","4","3","3","3","3","1","2","3","3","3","3","1","2","5d474d1fab2d280015bb0110"
"148","1980-01-01 00:00:00","5","en","546027996","23","Female","Undergraduate (University)","","Employed part-time","","7","5","6","4","No","No","No","No","No","No","No","No","No","No","Yes","0","5","10","8","5","5","Democrat","","4","4","4","Yes","No","3","No","No","3","No","No","3","3","1","1","2","1","3","3","3","5","1","3","3","3","3","3","3","3","3","3","3","4","1","3","5eb3d066d0e0231abd2cedc0"
"149","1980-01-01 00:00:00","5","en","51835188","25","Female","Graduate (University)","","Employed full-time","","4","9","7","10","No","No","No","No","No","No","No","Yes","No","No","No","0","8","9","5","9","6","Democrat","","5","4","4","Yes","Yes","4","No","No","3","No","No","3","5","5","3","3","2","4","4","5","5","4","5","3","3","3","3","3","3","3","3","3","3","3","3","5f1201f1c1ac1410a8f39a21"
"150","1980-01-01 00:00:00","5","en","1149179271","24","Male","Undergraduate (University)","","Employed part-time","","3","9","8","9","No","No","Yes","No","Yes","No","No","Yes","Yes","No","No","0","5","8","8","6","7","Democrat","","2","4","4","Yes","No","2","No","No","3","No","No","3","4","2","5","6","4","2","2","2","3","2","2","3","3","3","3","3","3","3","3","3","3","3","3","61018e110680d3e45deb53ad"
"151","1980-01-01 00:00:00","5","en","818757186","27","Male","High school","","Unemployed","","4","6","8","2","No","No","No","No","No","No","No","No","No","No","Yes","0","3","8","6","5","7","Democrat","","4","4","4","Yes","No","4","No","No","3","No","No","3","4","2","4","4","3","4","3","3","5","1","3","3","3","3","3","3","3","3","3","3","3","3","3","5a9b40af4eecca0001dd8523"
"152","1980-01-01 00:00:00","5","en","1873358176","31","Female","Undergraduate (University)","","Employed full-time","","2","2","8","1","No","No","No","No","No","No","No","Yes","No","Yes","No","0","7","9","4","5","7","Democrat","","4","4","4","Yes","Yes","3","No","No","3","No","No","3","4","4","1","5","4","3","3","3","4","2","4","3","3","3","3","3","3","3","3","3","3","3","3","63bc5668e856a67c2cd471de"
"153","1980-01-01 00:00:00","5","en","496744677","24","Female","Undergraduate (University)","","Unemployed","","8","2","10","9","No","Yes","Yes","Yes","No","No","Yes","Yes","Yes","Yes","No","0","4","5","7","6","6","Democrat","","5","4","4","Yes","Yes","4","No","No","3","No","No","3","5","2","2","4","1","5","5","5","5","3","5","3","3","3","3","3","5","3","3","3","3","3","5","61032274bad76a096a09f0b0"
"154","1980-01-01 00:00:00","5","en","1235010832","33","Female","Undergraduate (University)","","Unemployed","","5","3","5","3","No","No","No","Yes","No","No","No","No","Yes","Yes","No","0","5","1","1","1","7","Other","","4","4","4","Yes","Yes","4","No","No","3","No","No","3","4","1","3","4","1","2","2","2","4","1","3","3","3","4","3","1","1","3","3","3","3","1","1","610055ffe4d2514e9cf1073f"
"155","1980-01-01 00:00:00","5","en","565446866","29","Male","High school","","Employed full-time","","8","7","8","7","No","No","No","No","No","No","No","No","No","No","No","Local","3","7","2","8","2","Independent","","5","4","4","Yes","Yes","5","No","No","3","No","No","3","3","2","3","4","4","4","5","5","5","2","5","4","4","5","5","1","4","4","4","5","4","1","3","60ed0e7149a025da16189d35"
"156","1980-01-01 00:00:00","5","en","1165751689","42","Male","Undergraduate (University)","","Employed full-time","","4","5","6","3","No","No","No","No","No","No","No","No","No","No","Yes","0","6","6","6","6","3","Republican","","4","4","4","No","No","3","No","No","3","No","No","3","5","5","7","7","7","1","1","1","1","1","1","1","1","1","1","1","1","5","5","4","3","4","4","5fca97a4b105427256733533"
"157","1980-01-01 00:00:00","5","en","586207695","66","Female","University of Applied Sciences degree","","Employed part-time","","1","10","10","1","No","No","No","Yes","Yes","No","No","No","No","No","No","0","7","1","7","5","7","Democrat","","4","1","1","No","No","3","Yes","Yes","3","Yes","Yes","3","4","4","4","4","4","3","3","3","3","1","1","3","3","3","3","1","1","3","3","3","3","1","1","5c6b646349b7f0000120b659"
"158","1980-01-01 00:00:00","5","en","1335485680","38","Female","Undergraduate (University)","","Employed part-time","","6","7","9","6","Yes","No","No","No","No","No","No","No","No","No","No","0","6","7","4","5","6","Republican","","3","3","3","Yes","Yes","4","No","No","3","No","No","3","5","5","5","5","5","4","4","4","3","4","3","3","3","4","4","3","2","3","3","4","3","3","3","5ffe640167408f52d6db782c"
"159","1980-01-01 00:00:00","5","en","2020189541","52","Female","High school","","Self-employed","","1","3","9","3","No","No","No","No","No","No","No","No","No","No","Yes","0","1","8","1","3","2","Democrat","","4","4","4","No","No","3","No","No","3","No","No","3","4","4","4","4","4","3","3","3","4","1","3","3","3","3","5","3","3","3","3","3","3","3","3","5bca8e280f10750001d76774"
"160","1980-01-01 00:00:00","5","en","303003860","51","Male","Undergraduate (University)","","Employed full-time","","4","5","7","3","No","No","No","No","Yes","No","No","Yes","No","No","No","0","4","5","5","5","2","Republican","","5","4","4","Yes","Yes","3","No","No","3","No","No","3","5","6","6","6","4","2","2","2","3","1","3","3","3","3","3","3","3","3","3","3","3","3","3","5a4d81d1f4c9dc000164a098"
"161","1980-01-01 00:00:00","5","en","1715373104","24","Female","High school","","Unemployed","","1","1","6","2","No","No","Yes","No","No","No","No","No","No","No","No","0","6","5","5","5","4","Other","No affiliation","4","4","4","Yes","No","4","No","No","1","No","No","1","4","4","4","4","4","3","3","3","4","3","3","3","3","3","3","3","3","3","3","3","3","3","3","5c1ac9a924e01a000144e64a"
"162","1980-01-01 00:00:00","5","en","785148761","22","Female","University of Applied Sciences degree","","Employed part-time","","5","6","8","6","No","Yes","No","No","No","No","No","No","No","No","No","0","6","4","3","8","5","Democrat","","7","3","2","Yes","No","2","No","No","4","No","No","1","7","6","5","5","3","3","2","3","1","3","2","1","4","3","4","3","5","5","3","1","2","5","4","606ce0f75b8d0912f0c4f866"
"163","1980-01-01 00:00:00","5","en","565779240","19","Male","High school","","Student","","2","6","7","4","No","No","No","No","No","No","No","No","No","No","Yes","0","6","4","8","7","6","Democrat","","6","5","5","Yes","Yes","2","No","No","1","No","No","1","5","6","5","6","3","2","2","2","2","1","2","2","2","2","1","2","2","2","2","2","2","2","2","6361684773df215265bd139c"
"164","1980-01-01 00:00:00","5","en","916297228","28","Female","Undergraduate (University)","","Employed full-time","","2","3","9","2","No","No","Yes","No","No","Yes","No","Yes","No","No","No","0","5","5","6","5","4","Democrat","","5","5","4","Yes","No","4","No","No","3","Yes","No","4","5","6","4","6","4","4","4","4","4","3","4","4","4","4","4","3","4","4","4","4","4","2","4","5c873649fff8430016e9aa7a"
"165","1980-01-01 00:00:00","5","en","1912532656","33","Female","Undergraduate (University)","","Employed full-time","","3","7","7","2","No","No","No","No","No","No","No","Yes","No","No","No","0","6","5","5","8","5","Democrat","","2","4","4","Yes","Yes","4","No","No","3","No","No","3","4","5","3","6","3","4","4","4","4","1","2","3","3","3","3","3","5","3","3","3","3","3","4","5fc70104446bb4123cfc7328"
"166","1980-01-01 00:00:00","5","en","224021260","52","Female","PhD (University)","","Self-employed","","7","7","8","3","No","No","No","No","No","No","No","No","No","No","No","Democracy Now!","3","7","5","6","6","Democrat","","4","4","4","Yes","Yes","4","No","No","3","No","No","3","4","3","5","5","2","4","4","4","5","2","5","3","3","3","4","1","5","3","3","3","4","1","5","60c81a232837d9f7d4a641bf"
"167","1980-01-01 00:00:00","5","en","282461515","33","Male","Undergraduate (University)","","Employed full-time","","5","7","9","7","No","No","Yes","No","No","No","No","No","No","No","No","0","8","2","6","4","5","Democrat","","4","4","3","Yes","Yes","4","No","No","4","No","No","3","4","5","5","5","5","3","3","3","4","3","5","3","3","3","3","3","4","3","3","3","4","3","4","640aa1e85a4f015930c65b0c"
"168","1980-01-01 00:00:00","5","en","2019551987","26","Male","Undergraduate (University)","","Employed part-time","","3","6","9","2","Yes","Yes","No","No","Yes","Yes","Yes","Yes","No","Yes","No","0","3","7","5","6","3","Republican","","6","5","6","Yes","Yes","4","No","No","3","No","No","3","6","7","5","6","2","5","4","5","5","2","4","4","2","2","3","1","4","3","2","2","4","1","2","5fc1e71eff237c1f8708ef5a"
"169","1980-01-01 00:00:00","5","en","625476560","69","Male","Graduate (University)","","Retired","","2","3","1","9","No","No","No","No","No","No","No","Yes","No","No","No","0","6","9","5","5","7","Democrat","","4","4","4","Yes","No","3","No","No","3","No","No","2","5","3","4","6","1","4","4","4","5","2","4","2","2","2","3","1","1","2","2","2","2","1","1","5a59305aeedc320001427f5f"
"170","1980-01-01 00:00:00","5","en","450166477","19","Female","High school","","Student","","7","7","8","4","No","No","No","No","No","No","No","No","No","No","Yes","0","6","7","8","4","6","Republican","","5","2","3","Yes","No","4","No","No","2","No","No","2","5","5","4","4","4","4","4","4","3","3","3","3","4","4","2","2","3","3","4","4","4","4","4","60fee2c94b4db58f1de6cbd0"
"171","1980-01-01 00:00:00","5","en","1070873894","38","Female","Undergraduate (University)","","Unemployed","","7","8","9","2","No","No","No","No","No","No","No","No","No","No","No","NPR/PBS/BBC","3","5","5","5","7","Democrat","","3","4","3","Yes","No","3","Yes","No","3","Yes","No","3","4","3","4","3","1","3","2","3","4","1","2","3","3","3","4","2","2","2","2","2","3","1","1","602348484d326a1c5aa80bb7"
"172","1980-01-01 00:00:00","5","en","252738627","35","Male","Undergraduate (University)","","Employed full-time","","3","4","9","7","No","No","No","Yes","Yes","No","No","No","Yes","Yes","No","0","3","9","6","4","6","Democrat","","3","4","4","Yes","Yes","4","Yes","No","3","Yes","No","3","4","1","6","3","1","4","4","4","5","2","5","3","2","2","5","1","4","3","2","2","5","1","4","6100ac178a474bfcc555379b"
"173","1980-01-01 00:00:00","5","en","1222573975","32","Male","Graduate (University)","","Student","","4","7","9","3","No","Yes","Yes","No","No","No","No","Yes","No","No","No","0","3","7","6","6","6","Democrat","","4","4","4","Yes","Yes","4","No","No","3","No","No","3","6","5","3","5","4","4","4","5","5","3","5","4","3","3","5","3","5","4","4","4","5","3","5","5e51bd7888c3051f86b49096"
"174","1980-01-01 00:00:00","5","en","2010341895","30","Male","Undergraduate (University)","","Employed full-time","","3","8","10","1","No","Yes","Yes","Yes","Yes","Yes","Yes","Yes","Yes","Yes","No","0","6","5","7","8","7","Democrat","","4","4","4","Yes","Yes","4","No","No","4","Yes","No","4","4","3","5","6","2","3","4","3","5","4","5","4","2","3","4","2","4","4","3","3","4","1","4","617603982bd663edbfcf3597"
"175","1980-01-01 00:00:00","5","en","1891907360","23","Female","Undergraduate (University)","","Employed full-time","","6","7","7","8","No","No","No","Yes","No","No","No","Yes","Yes","Yes","No","0","5","6","5","6","5","Democrat","","5","5","6","Yes","Yes","4","No","No","3","No","No","3","5","4","3","4","3","4","4","4","4","3","4","3","3","3","3","3","3","3","3","3","3","3","3","5dce3ccc32ccbf0cd54263db"
"176","1980-01-01 00:00:00","5","en","116730934","24","Male","Undergraduate (University)","","Employed part-time","","4","7","6","4","No","No","No","No","No","No","No","No","No","No","Yes","0","3","4","6","5","6","Independent","","6","4","4","Yes","Yes","4","No","No","3","No","No","3","6","5","6","5","4","4","5","4","4","4","5","4","4","3","3","2","4","4","4","3","4","2","4","5b6cf2c61b61b60001bc0678"
"177","1980-01-01 00:00:00","5","en","1705724498","39","Male","Completed vocational training","","Employed full-time","","7","5","8","3","No","No","No","No","No","No","No","No","No","No","Yes","0","4","4","7","5","3","Republican","","6","6","6","No","Yes","2","Yes","No","2","Yes","No","2","5","6","4","5","4","3","4","3","4","3","4","2","2","2","3","1","2","2","2","2","3","1","1","6340c2fb43e8f31b182c5058"
"178","1980-01-01 00:00:00","5","en","1050387476","49","Male","Completed vocational training","","Self-employed","","4","8","10","2","No","No","No","No","No","No","No","No","No","No","Yes","0","2","7","7","6","4","Independent","","4","4","4","Yes","Yes","2","No","No","3","No","No","3","7","7","6","5","5","2","2","2","4","1","3","3","3","3","3","3","3","3","3","3","3","3","3","62fd447f13212a11c346c151"
"179","1980-01-01 00:00:00","5","en","491866376","35","Female","High school","","Self-employed","","1","6","8","3","No","No","No","No","No","No","No","No","No","No","Yes","0","2","4","4","4","4","Independent","","4","4","4","No","No","4","No","No","3","No","No","3","5","5","4","4","3","3","2","2","3","1","1","3","3","3","3","3","3","3","3","3","3","3","3","5b9dd322f074140001050095"
"180","1980-01-01 00:00:00","5","en","1326622713","31","Male","Graduate (University)","","Employed full-time","","4","3","7","6","No","Yes","No","Yes","No","No","No","No","No","No","No","0","4","6","5","6","5","Other","Libertarian","3","4","4","Yes","No","2","No","No","3","No","No","3","3","3","3","5","3","2","2","3","4","2","3","2","3","3","2","2","3","2","3","3","3","2","3","59b700a26039190001eaa9df"
"181","1980-01-01 00:00:00","5","en","2117713029","36","Male","High school","","Employed part-time","","3","4","10","4","No","No","Yes","No","No","Yes","No","Yes","No","No","No","0","3","6","5","5","2","Republican","","6","5","6","Yes","Yes","4","No","No","3","No","No","3","5","6","2","6","3","3","3","3","4","3","4","3","3","2","3","2","2","3","2","2","3","1","2","628e24c80b3e2b2e0d7a5af1"
"182","1980-01-01 00:00:00","5","en","1402186188","32","Female","Graduate (University)","","Homemaker","","7","5","8","6","No","No","No","No","No","No","No","No","Yes","Yes","No","0","4","7","6","9","6","Independent","","6","6","5","Yes","Yes","5","No","No","3","No","No","2","4","4","5","3","4","4","4","5","5","2","5","3","3","3","3","3","3","3","3","3","3","3","3","62ac8d659c88fde55ead0662"
"183","1980-01-01 00:00:00","5","en","1843464073","34","Male","Undergraduate (University)","","Self-employed","","5","6","8","4","No","Yes","Yes","No","No","No","No","Yes","Yes","No","No","0","4","2","6","4","6","Democrat","","4","4","4","Yes","Yes","4","Yes","No","3","Yes","No","3","4","4","4","4","1","2","3","3","4","2","3","2","3","3","4","2","3","2","3","3","4","2","3","63d165bb3190f492951fa6ad"
"184","1980-01-01 00:00:00","5","en","688869221","22","Male","Undergraduate (University)","","Employed full-time","","6","5","6","5","No","No","No","No","No","No","No","No","No","No","Yes","0","6","7","6","7","4","Other","Libertarian","6","4","4","Yes","Yes","3","No","No","3","No","No","3","4","5","6","4","4","4","4","4","4","3","4","4","3","3","3","3","4","3","3","3","3","3","3","631677f8fc854c3fa6719de1"
"185","1980-01-01 00:00:00","5","en","325771207","37","Male","Undergraduate (University)","","Employed full-time","","5","6","8","5","No","Yes","Yes","No","No","Yes","No","Yes","No","No","No","0","5","6","6","5","7","Democrat","","4","4","4","Yes","Yes","4","No","No","1","No","No","1","4","3","1","5","1","4","4","4","5","1","3","3","3","3","3","3","3","3","3","3","3","3","3","56a7b5eac89737000b225d0e"
"186","1980-01-01 00:00:00","5","en","866594203","22","Female","High school","","Employed full-time","","2","5","9","3","No","Yes","Yes","Yes","Yes","No","No","Yes","Yes","Yes","No","0","3","5","5","5","6","Democrat","","4","4","4","Yes","Yes","4","No","No","3","No","No","3","4","4","6","6","2","4","4","4","5","5","4","3","3","3","3","3","3","3","3","3","3","3","3","60fcd2dd707fa1b11edb5152"

